Workbook

Sheet Dealers
A1: DealerID | B1: DealerName | C1: City | D1: Country
A2: 1 | B2: Smith's Car Dealership | C2: Johannesburg | D2: South Africa
A3: 2 | B3: Brown's Auto | C3: Cape Town | D3: South Africa
A4: 3 | B4: Jones Auto Group | C4: Durban | D4: South Africa
A5: 4 | B5: Moyo Auto Sales | C5: Francistown | D5: Botswana
A6: 5 | B6: Kgosi Car Dealership | C6: Gaborone | D6: Botswana
A7: 6 | B7: Bala Car Sales | C7: Maun | D7: Botswana
A8: 7 | B8: Sibanda Motors | C8: Gaborone | D8: Botswana
A9: 8 | B9: Lekgotla Car Dealership | C9: Lobatse | D9: Botswana
A10: 9 | B10: Tau's Car Sales | C10: Selebi-Phikwe | D10: Botswana
A11: 10 | B11: Nkosi Auto | C11: Molepolole | D11: Botswana

Sheet Models
A1: ModelID | B1: Brand | C1: Model | D1: Segment | E1: EngineSize (L) | F1: Fuel | G1: Price (USD) | H1: Profit (USD)
A2: 1 | B2: Toyota | C2: Corolla | D2: Sedan | E2: 1.8 | F2: Petrol | G2: 18000 | H2: =Models!$G2*0.1 -> 1800
A3: 2 | B3: Volkswagen | C3: Polo | D3: Hatchback | E3: 1.0 | F3: Petrol | G3: 15000 | H3: =Models!$G3*0.1 -> 1500
A4: 3 | B4: Ford | C4: Ranger | D4: Pickup | E4: 2.2 | F4: Diesel | G4: 30000 | H4: =Models!$G4*0.2 -> 6000
A5: 4 | B5: BMW | C5: 3 Series | D5: Sedan | E5: 2.0 | F5: Petrol | G5: 35000 | H5: =Models!$G5*0.1 -> 3500
A6: 5 | B6: Mercedes-Benz | C6: C-Class | D6: Sedan | E6: 2.0 | F6: Petrol | G6: 40000 | H6: =Models!$G6*0.1 -> 4000
A7: 6 | B7: Hyundai | C7: i20 | D7: Hatchback | E7: 1.2 | F7: Petrol | G7: 13000 | H7: =Models!$G7*0.1 -> 1300
A8: 7 | B8: Nissan | C8: Qashqai | D8: SUV | E8: 1.6 | F8: Petrol | G8: 22000 | H8: =Models!$G8*0.1 -> 2200
A9: 8 | B9: Kia | C9: Rio | D9: Sedan | E9: 1.4 | F9: Petrol | G9: 17000 | H9: =Models!$G9*0.1 -> 1700
A10: 9 | B10: Audi | C10: A4 | D10: Sedan | E10: 2.0 | F10: Petrol | G10: 40000 | H10: =Models!$G10*0.1 -> 4000
A11: 10 | B11: Renault | C11: Kwid | D11: Hatchback | E11: 1.0 | F11: Petrol | G11: 12000 | H11: =Models!$G11*0.1 -> 1200
A12: 11 | B12: BMW | C12: X3 | D12: SUV | E12: 2.0 | F12: Diesel | G12: 45000 | H12: =Models!$G12*0.2 -> 9000
A13: 12 | B13: Volkswagen | C13: Golf | D13: Hatchback | E13: 1.4 | F13: Petrol | G13: 20000 | H13: =Models!$G13*0.1 -> 2000
A14: 13 | B14: Ford | C14: Fiesta | D14: Hatchback | E14: 1.5 | F14: Petrol | G14: 14000 | H14: =Models!$G14*0.1 -> 1400
A15: 14 | B15: Toyota | C15: Hilux | D15: Pickup | E15: 2.8 | F15: Diesel | G15: 32000 | H15: =Models!$G15*0.2 -> 6400
A16: 15 | B16: Mercedes-Benz | C16: GLA-Class | D16: SUV | E16: 2.0 | F16: Petrol | G16: 45000 | H16: =Models!$G16*0.1 -> 4500

Sheet Sales
A1: SaleID | B1: Date | C1: DealerID | D1: ModelID | E1: Quantity | F1: TotalPrice | G1: Total Profit
A2: 1 | B2: 44566 | C2: 8 | D2: 8 | E2: 1 | F2: {=Sales!$E2*(INDEX(Models!G:G,MATCH(Sales!$D2,Models!A:A,0)))} -> 17000 | G2: {=Sales!$E2*(INDEX(Models!H:H,MATCH(Sales!$D2,Models!A:A,0)))} -> 1700
A3: 2 | B3: 44569 | C3: 9 | D3: 6 | E3: 1 | F3: {=Sales!$E3*(INDEX(Models!G:G,MATCH(Sales!$D3,Models!A:A,0)))} -> 13000 | G3: {=Sales!$E3*(INDEX(Models!H:H,MATCH(Sales!$D3,Models!A:A,0)))} -> 1300
A4: 3 | B4: 44604 | C4: 1 | D4: 12 | E4: 2 | F4: {=Sales!$E4*(INDEX(Models!G:G,MATCH(Sales!$D4,Models!A:A,0)))} -> 40000 | G4: {=Sales!$E4*(INDEX(Models!H:H,MATCH(Sales!$D4,Models!A:A,0)))} -> 4000
A5: 4 | B5: 44614 | C5: 3 | D5: 8 | E5: 1 | F5: {=Sales!$E5*(INDEX(Models!G:G,MATCH(Sales!$D5,Models!A:A,0)))} -> 17000 | G5: {=Sales!$E5*(INDEX(Models!H:H,MATCH(Sales!$D5,Models!A:A,0)))} -> 1700
A6: 5 | B6: 44621 | C6: 7 | D6: 7 | E6: 3 | F6: {=Sales!$E6*(INDEX(Models!G:G,MATCH(Sales!$D6,Models!A:A,0)))} -> 66000 | G6: {=Sales!$E6*(INDEX(Models!H:H,MATCH(Sales!$D6,Models!A:A,0)))} -> 6600
A7: 6 | B7: 44628 | C7: 1 | D7: 6 | E7: 1 | F7: {=Sales!$E7*(INDEX(Models!G:G,MATCH(Sales!$D7,Models!A:A,0)))} -> 13000 | G7: {=Sales!$E7*(INDEX(Models!H:H,MATCH(Sales!$D7,Models!A:A,0)))} -> 1300
A8: 7 | B8: 44629 | C8: 10 | D8: 2 | E8: 2 | F8: {=Sales!$E8*(INDEX(Models!G:G,MATCH(Sales!$D8,Models!A:A,0)))} -> 30000 | G8: {=Sales!$E8*(INDEX(Models!H:H,MATCH(Sales!$D8,Models!A:A,0)))} -> 3000
A9: 8 | B9: 44630 | C9: 7 | D9: 8 | E9: 1 | F9: {=Sales!$E9*(INDEX(Models!G:G,MATCH(Sales!$D9,Models!A:A,0)))} -> 17000 | G9: {=Sales!$E9*(INDEX(Models!H:H,MATCH(Sales!$D9,Models!A:A,0)))} -> 1700
A10: 9 | B10: 44631 | C10: 8 | D10: 9 | E10: 1 | F10: {=Sales!$E10*(INDEX(Models!G:G,MATCH(Sales!$D10,Models!A:A,0)))} -> 40000 | G10: {=Sales!$E10*(INDEX(Models!H:H,MATCH(Sales!$D10,Models!A:A,0)))} -> 4000
A11: 10 | B11: 44632 | C11: 6 | D11: 9 | E11: 8 | F11: {=Sales!$E11*(INDEX(Models!G:G,MATCH(Sales!$D11,Models!A:A,0)))} -> 320000 | G11: {=Sales!$E11*(INDEX(Models!H:H,MATCH(Sales!$D11,Models!A:A,0)))} -> 32000
A12: 11 | B12: 44635 | C12: 5 | D12: 4 | E12: 1 | F12: {=Sales!$E12*(INDEX(Models!G:G,MATCH(Sales!$D12,Models!A:A,0)))} -> 35000 | G12: {=Sales!$E12*(INDEX(Models!H:H,MATCH(Sales!$D12,Models!A:A,0)))} -> 3500
A13: 12 | B13: 44636 | C13: 4 | D13: 11 | E13: 1 | F13: {=Sales!$E13*(INDEX(Models!G:G,MATCH(Sales!$D13,Models!A:A,0)))} -> 45000 | G13: {=Sales!$E13*(INDEX(Models!H:H,MATCH(Sales!$D13,Models!A:A,0)))} -> 9000
... A219: 218 | B219: 44924 | C219: 10 | D219: 6 | E219: 3 | F219: {=Sales!$E219*(INDEX(Models!G:G,MATCH(Sales!$D219,Models!A:A,0)))} -> 39000 | G219: {=Sales!$E219*(INDEX(Models!H:H,MATCH(Sales!$D219,Models!A:A,0)))} -> 3900
A220: 219 | B220: 44925 | C220: 8 | D220: 8 | E220: 5 | F220: 45000 | G220: 4500

Sheet Dashboard_Data
A1: id | B1: json | C1: updatedAt
A2: 1 | B2: {"revenueByCountry":{"Botswana":6561000,"South Africa":2955000},"topCars":[["Kia Rio",34],["BMW 3 Series",33],["Nissan Qashqai",32]],"segmentStats":{"Sedan":{"sales":140,"profit":404100},"Hatchback":{"sales":103,"profit":153000},"SUV":{"sales":71,"profit":308900},"Pickup":{"sales":48,"profit":297200}},"revenueByCity":{"Lobatse":879000,"Selebi-Phikwe":878000,"Johannesburg":765000,"Durban":927000,"Gaborone":2006000,"Molepolole":937000,"Maun":1043000,"Francistown":818000,"Cape Town":1263000}} | C2: 2026-04-25T14:27:21.959Z
